id;message_id;message_content;message_timestamp
1;metamorphose lute since;afterwards atop;2024-06-03T12:16:24
2;below finally;fond ah kindly;2024-06-03T06:40:10
3;uh-huh rowdy;given destination;2024-06-03T20:09:43
4;yuck brr ecumenist;hiccough via till;2024-06-03T07:25:31
5;homely sauce;drafty;2024-06-03T08:51:18
6;below;along along;2024-06-03T13:20:28
7;and;reside emotional that;2024-06-03T06:46:54
8;despite unlock;bright innocently qua;2024-06-04T00:28:49
9;gaze ick bitter;openly from sad;2024-06-03T15:48:45
10;given thank;troop;2024-06-03T17:47:19
