id;name;street;neighborhood;property_number;phone;email
1;wetly quiet oof;Ebert Run;downfall;27307;1-473-933-7131 x37921;Althea.Haag0@yahoo.com
2;truthfully swaddle;Muriel Meadows;disillusion;3858;235-739-7003 x18735;Jackie_Gislason68@hotmail.com
3;before polished;Monahan Squares;throb;30669;834-794-4764;Davonte45@hotmail.com
4;helplessly;St Mary's Road;except mysteriously torment;30073;(306) 773-2915;Leone_Marks1@yahoo.com
5;unimpressively;Wood Lane;trash fooey;25771;1-902-689-1003 x9444;Isabell.Bosco@yahoo.com
6;ha;Pine Street;fray trusting thunderous;3175;(713) 588-5395 x603;Marina91@gmail.com
7;easily blond quarterly;Willms Cliffs;aside ick policy;14713;(811) 346-6571;Doris_Crooks@hotmail.com
8;famous;Lawrence Street;physically;10369;436-361-6820 x779;Ernestina61@yahoo.com
9;circa wherever fiercely;S 2nd Street;airbus geez debilitate;26346;(412) 578-1041 x0939;Elizabeth.Feest@yahoo.com
10;brr server;Augustine Place;whether frivolous regarding;31276;325-882-5828 x2118;Deven.Boyle@gmail.com
