id;entry_type;value;entry_date
1;even harmonious;redeem uh-huh;2024-06-03T22:05:40
2;woot following clown;beside maintainer and;2024-06-03T10:36:59
3;creative precious;beam behind;2024-06-03T12:26:22
4;woot jubilantly console;pace;2024-06-04T02:04:45
5;barring;cheerfully;2024-06-03T14:12:01
6;toggle;mid;2024-06-03T22:09:39
7;gratify blah outside;eek the encompass;2024-06-03T23:02:04
8;bravely dwarf besides;though worriedly questionably;2024-06-03T02:46:41
9;nor um;voluntarily glove anneal;2024-06-03T07:08:25
10;distance diligent ah;longingly wrathful;2024-06-03T12:53:33
