id;attachment_name;record_type;record_id;created_at;updated_at;last_modified_by;blob_id;deleted_at
1;since about;postage;20486;2024-06-03T05:12:11;2024-06-03T15:03:51;spirited;9448;2024-06-03T03:57:17
2;absent incite distance;boastfully zowie viciously;3451;2024-06-03T13:10:46;2024-06-03T15:41:10;nor;28240;2024-06-03T17:27:02
3;optimistically exceed;unto;21053;2024-06-04T01:49:52;2024-06-03T23:23:45;to;31210;2024-06-03T12:55:56
4;yuck whoa mankind;giraffe;24421;2024-06-03T17:04:01;2024-06-03T21:23:22;brief oh;8106;2024-06-03T07:02:29
5;jagged;now bin;1822;2024-06-03T20:19:40;2024-06-03T06:05:16;wonderfully;10329;2024-06-04T00:32:28
6;aged;almost garner;29795;2024-06-03T19:33:59;2024-06-04T00:52:37;centralise merrily jolt;9640;2024-06-03T11:37:23
7;the although lounge;smelting shack;12338;2024-06-03T05:05:02;2024-06-03T13:36:21;sans uh-huh;7367;2024-06-03T02:32:47
8;huzzah;woot;10564;2024-06-03T20:32:51;2024-06-03T05:11:48;beyond hashtag eek;20570;2024-06-03T17:59:21
9;given adolescent;geez gasp;13715;2024-06-03T13:18:47;2024-06-04T01:25:58;outrageous;19556;2024-06-03T10:01:40
10;overachieve;denote;19343;2024-06-04T00:22:58;2024-06-03T22:44:05;consequently unless telnet;22788;2024-06-03T05:56:33
