id;file_name;content_type;byte_size;checksum;created_at;updated_at;last_modified_by;jhi_key;metadata;deleted_at
1;versus rayon off;queen;4677;well snorer;2024-06-04T01:12:57;2024-06-03T22:03:59;gah critique;unripe mysteriously slowly;during;2024-06-03T20:55:36
2;certainly lest;scavenge yet scrap;20890;through er between;2024-06-03T06:27:29;2024-06-03T20:28:53;serious;verification quietly implement;convalesce;2024-06-04T01:00:16
3;victoriously;amidst;20724;natural vicious;2024-06-03T18:22:31;2024-06-03T04:25:34;abaft since lest;photocopy;circa;2024-06-03T20:21:29
4;ew;nor;1305;gee woot common;2024-06-03T05:23:13;2024-06-03T13:26:41;fuel fully bandolier;walk ugh;along during;2024-06-03T04:23:42
5;back onto;oof;3035;what but huzzah;2024-06-03T20:26:49;2024-06-03T21:16:56;parallel;dissemination minus by;aw thoroughly;2024-06-03T10:17:11
6;and beyond;or;27137;admirable;2024-06-03T20:13:15;2024-06-03T12:40:33;how but fibre;beyond beside acidly;diary;2024-06-03T18:12:19
7;meh;brr abnormally ack;30716;synchronize;2024-06-03T20:28:58;2024-06-04T00:42:34;yuck upliftingly hurdle;mostly carport painfully;likely;2024-06-03T17:35:58
8;or notwithstanding;lest spicy;20146;descale;2024-06-04T00:47:51;2024-06-03T13:06:24;backlight ready throughout;acidly;fluffy symptomize at;2024-06-03T08:14:05
9;tender appal;bah er;22561;sponsorship hotel usefully;2024-06-03T03:43:44;2024-06-03T13:13:46;sidewalk maggot;impressive querulous;plumber;2024-06-03T15:57:54
10;clueless refreshments splendor;meh broom;12314;pish ornery;2024-06-03T03:14:32;2024-06-03T07:26:07;mechanic vest;deliberate inwardly adept;brr;2024-06-03T10:28:42
