id;report_type;generated_at;report_content
1;like neatly;2024-06-03T21:45:13;../fake-data/blob/hipster.txt
2;ouch keenly;2024-06-03T17:26:06;../fake-data/blob/hipster.txt
3;more;2024-06-03T09:11:49;../fake-data/blob/hipster.txt
4;around or searchingly;2024-06-03T22:53:50;../fake-data/blob/hipster.txt
5;gram yieldingly bashfully;2024-06-03T22:44:32;../fake-data/blob/hipster.txt
6;yowza;2024-06-03T13:56:33;../fake-data/blob/hipster.txt
7;um;2024-06-03T09:20:07;../fake-data/blob/hipster.txt
8;whoever fooey wherever;2024-06-03T23:36:56;../fake-data/blob/hipster.txt
9;midst red;2024-06-03T15:35:36;../fake-data/blob/hipster.txt
10;fooey yahoo;2024-06-03T17:51:47;../fake-data/blob/hipster.txt
